{"persistence_seconds": 0.01, "blank_max_factor": 8.9, "blank_min_threshold": 3.6052631578947367, "gain_release": 0.944028947368421, "line_width": 0.6289473684210526}