{"chunk_seconds": 0.030785714285714284, "afterglow": 0.22271428571428573, "trace_alpha": 0.05714285714285714, "glow": 23.96428571428571, "point_stride": 1.125, "blank_max_factor": 20.0, "blank_min_threshold": 0.5, "gain_release": 0.9103714285714286, "gain_target": 1.7207142857142859, "gain_floor": 0.22857142857142856, "smoothing": 9.857142857142858, "line_width": 1.1897619047619048, "oversample": 3.3785714285714286, "persistence_seconds": 3.620323809523809}