{"chunk_seconds": 0.016742857142857143, "afterglow": 0.5, "trace_alpha": 0.5, "point_stride": 1.0, "blank_max_factor": 9.685714285714285, "blank_min_threshold": 0.5, "gain_release": 0.9188571428571428, "gain_target": 1.0, "gain_floor": 0.01, "smoothing": 6.685714285714286, "line_width": 1.0752380952380953, "persistence_seconds": 3.620323809523809}